{
  "version": 1,
  "prediction_method": "lstm_rollout",
  "n_future_visits": 6,
  "demo_rids": [
    50,
    128,
    667,
    750,
    1282
  ],
  "patients": {
    "750": {
      "rid": 750,
      "apoe4": 1,
      "dx_last": "Dementia",
      "n_obs_visits": 5,
      "visits_obs": [
        0.0,
        1.0,
        2.0,
        3.0,
        4.0
      ],
      "mmse_obs": [
        27.0,
        26.0,
        26.0,
        17.0,
        8.0
      ],
      "hippo_obs": [
        5256.0,
        5203.0,
        5169.0,
        4758.0,
        4836.0
      ],
      "pred_visits": [
        5.0,
        6.0,
        7.0,
        8.0,
        9.0,
        10.0
      ],
      "mmse_pred": [
        16.44398312371842,
        16.182180290536113,
        15.664108849876582,
        15.532104047604467,
        15.550972671056297,
        15.845908938115347
      ],
      "hippo_pred": [
        5419.251115994035,
        5410.147645866942,
        5392.1331430198325,
        5387.543040768035,
        5388.199145012,
        5398.454738749975
      ],
      "mmse_pred_intervention_40pct": [
        13.066389874231053,
        14.181266304031686,
        14.371550396601277,
        14.455748245549033,
        14.54131109250743,
        14.770963314766277
      ]
    },
    "667": {
      "rid": 667,
      "apoe4": 1,
      "dx_last": "Dementia",
      "n_obs_visits": 7,
      "visits_obs": [
        0.0,
        1.0,
        2.0,
        3.0,
        4.0,
        5.0,
        6.0
      ],
      "mmse_obs": [
        28.0,
        23.0,
        26.0,
        20.0,
        16.0,
        23.0,
        9.0
      ],
      "hippo_obs": [
        8108.0,
        8219.0,
        8176.0,
        8019.0,
        7955.0,
        7573.0,
        5781.759885386819
      ],
      "pred_visits": [
        7.0,
        8.0,
        9.0,
        10.0,
        11.0,
        12.0
      ],
      "mmse_pred": [
        14.27565182532,
        14.81812611513645,
        14.976103268969757,
        15.373635286289542,
        15.960776667731995,
        16.833614826731782
      ],
      "hippo_pred": [
        5343.853386486406,
        5362.7164309845575,
        5368.2096499967565,
        5382.032727464041,
        5402.44894665224,
        5432.799481860956
      ],
      "mmse_pred_intervention_40pct": [
        12.165391095192,
        13.41084375729578,
        13.97368595419434,
        14.426881182367365,
        14.930215158457434,
        15.607995055777124
      ]
    },
    "1282": {
      "rid": 1282,
      "apoe4": 0,
      "dx_last": "Dementia",
      "n_obs_visits": 7,
      "visits_obs": [
        0.0,
        1.0,
        2.0,
        3.0,
        4.0,
        5.0,
        6.0
      ],
      "mmse_obs": [
        26.0,
        28.0,
        24.0,
        23.0,
        24.0,
        16.0,
        7.0
      ],
      "hippo_obs": [
        4597.0,
        4469.0,
        4347.0,
        4150.0,
        4205.0,
        3881.0,
        5781.759885386819
      ],
      "pred_visits": [
        7.0,
        8.0,
        9.0,
        10.0,
        11.0,
        12.0
      ],
      "mmse_pred": [
        18.424322810762384,
        19.21777182378642,
        19.204095121570997,
        19.390664257573555,
        19.974046662550094,
        20.875849150867243
      ],
      "hippo_pred": [
        5488.111956663193,
        5515.701953683607,
        5515.226384154654,
        5521.713810343254,
        5541.999321511414,
        5573.357011239762
      ],
      "mmse_pred_intervention_40pct": [
        13.85459368645743,
        16.26055018137541,
        17.05921710958407,
        17.452444121178768,
        17.924424345640748,
        18.620790235584103
      ]
    },
    "50": {
      "rid": 50,
      "apoe4": 0,
      "dx_last": "Dementia",
      "n_obs_visits": 6,
      "visits_obs": [
        0.0,
        1.0,
        2.0,
        3.0,
        4.0,
        5.0
      ],
      "mmse_obs": [
        26.0,
        22.0,
        24.0,
        20.0,
        13.0,
        8.0
      ],
      "hippo_obs": [
        4830.0,
        4837.0,
        4565.0,
        4694.0,
        4483.0,
        5781.759885386819
      ],
      "pred_visits": [
        6.0,
        7.0,
        8.0,
        9.0,
        10.0,
        11.0
      ],
      "mmse_pred": [
        15.101849179693511,
        15.398494237943293,
        15.494575278688382,
        15.684542423811559,
        16.187831955806253,
        16.971228506215454
      ],
      "hippo_pred": [
        5372.5821165891275,
        5382.897128819137,
        5386.238081526069,
        5392.843664092678,
        5410.344166910391,
        5437.584617319695
      ],
      "mmse_pred_intervention_40pct": [
        12.261109507816107,
        13.62389157352428,
        14.212683724549194,
        14.563808639027753,
        14.99176704698469,
        15.588435593045666
      ]
    },
    "128": {
      "rid": 128,
      "apoe4": 2,
      "dx_last": "Dementia",
      "n_obs_visits": 8,
      "visits_obs": [
        0.0,
        1.0,
        2.0,
        3.0,
        4.0,
        5.0,
        6.0,
        7.0
      ],
      "mmse_obs": [
        29.0,
        27.0,
        29.0,
        28.0,
        25.0,
        26.0,
        22.0,
        11.0
      ],
      "hippo_obs": [
        5708.0,
        5560.0,
        5628.0,
        5488.0,
        5559.0,
        5425.0,
        5452.0,
        5781.759885386819
      ],
      "pred_visits": [
        8.0,
        9.0,
        10.0,
        11.0,
        12.0,
        13.0
      ],
      "mmse_pred": [
        18.509715940703433,
        18.666417646237214,
        18.39642135502796,
        18.324081314108057,
        18.571038511729768,
        19.13832168206758
      ],
      "hippo_pred": [
        5491.081266804066,
        5496.530135625886,
        5487.141760635544,
        5484.626335597923,
        5493.213589768906,
        5512.939294536878
      ],
      "mmse_pred_intervention_40pct": [
        15.50582956442206,
        16.7268617622448,
        17.038136448675615,
        17.15579386118474,
        17.369333691302007,
        17.79001445497028
      ]
    }
  }
}